読み込み,
1,00049567,123456,
2,00049570,123456,
3,00049740,123456,
4,00057146,123456,
5,00057147,123456,
6,00057153,123456,
7,00057154,123456,
8,00057156,123456,
9,00057159,123456,
10,00057161,123456,
11,00057186,123456,
12,00057191,123456,
13,00057192,123456,
14,00064616,123456,
15,00064624,123456,
16,00064627,123456,
17,00064628,123456,
18,00064635,123456,
19,00079618,123456,
20,00072091,123456,
21,00072093,123456,
22,00072098,123456,
23,00072100,123456,
24,00072103,123456,
25,00079620,123456,
26,00079621,123456,
27,00079623,123456,
28,00079624,123456,
29,00079632,123456,
30,00079633,123456,
31,00087455,123456,
32,00087457,123456,
33,00087459,123456,
34,00087460,123456,
35,00087473,123456,
36,00087474,123456,
37,00095646,123456,
38,00095647,123456,
39,00095648,123456,
40,00095655,123456,
41,00095659,123456,
42,00095662,123456,
43,00095667,123456,
44,00095658,123456,
45,00087463,123456,
46,00095656,123456,
47,00079619,123456,
48,00079617,123456,
49,00064637,123456,
50,00087477,123456,
51,00095666,123456,
52,00079638,123456,
53,00072089,123456,
54,00095657,123456,
55,00095664,123456,
56,00049743,123456,
57,00087476,123456,
58,00095644,123456,
59,00095665,123456,
60,00095661,123456,
61,00079616,123456,
62,00079637,123456,
63,00087478,123456,
64,00087453,123456,
65,00079634,123456,
66,00087475,123456,
67,00095663,123456,
